{"cameraMode":{"drawMode":0,"name":"Shaded","section":"Shading Mode"},"sceneLighting":true,"audioPlay":false,"sceneViewState":{"showFog":true,"showMaterialUpdate":false,"showSkybox":true,"showFlares":true,"showImageEffects":true,"showParticleSystems":true},"in2DMode":false,"pivot":{"x":17.44679069519043,"y":66.27779388427735,"z":-77.54668426513672},"rotation":{"x":-0.011507850140333176,"y":0.8234724402427673,"z":-0.016722021624445916,"w":-0.5670216083526611},"size":9.801682472229004,"orthographic":false}